filename	rus_size	usa_size	rus_sha256	usa_sha256	identical	first_diff	last_diff	changed_bytes	similarity_pct	classification
0TH2.BIN	535552	535552	c1cc4117870bc567386410aa2d4f1b5f03fb98a601be71bb3ae2155de1853c64	55b98b2a7b9850f77bbe8d4549ec84c48e359c2839e878ffea8f1b89e75093fa	FALSE	0	535367	504007	5.89%	EXECUTABLE_CHANGED
ARELE.BIN	62344	62344	7bdd82ae2290af28f82cadc5db1c3d1ce49b7ddb80a7e9239c75411df0d090f8	7bdd82ae2290af28f82cadc5db1c3d1ce49b7ddb80a7e9239c75411df0d090f8	TRUE	-1	-1	0	100.00%	IDENTICAL
BAW.BIN	72540	72540	5fe0d8afec78951e24088c1251bdd699c3f60df2a2ed94e17fecdba4b22e2f3c	5fe0d8afec78951e24088c1251bdd699c3f60df2a2ed94e17fecdba4b22e2f3c	TRUE	-1	-1	0	100.00%	IDENTICAL
BGM.BIN	673792	673792	c1d11d5386eaffbd4ca6443c3de615312a71cc678ba4d76c2c9d6035acf9a8f6	c1d11d5386eaffbd4ca6443c3de615312a71cc678ba4d76c2c9d6035acf9a8f6	TRUE	-1	-1	0	100.00%	IDENTICAL
BRAS.BIN	105180	105180	7bb24b3b569e362bd7c5edc9df67bdc6edda5b88dfd7e6947a777f62275c00f3	7bb24b3b569e362bd7c5edc9df67bdc6edda5b88dfd7e6947a777f62275c00f3	TRUE	-1	-1	0	100.00%	IDENTICAL
CDDA1	2048	2048	e5a00aa9991ac8a5ee3109844d84a55583bd20572ad3ffcd42792f3c36b183ad	e5a00aa9991ac8a5ee3109844d84a55583bd20572ad3ffcd42792f3c36b183ad	TRUE	-1	-1	0	100.00%	IDENTICAL
CHR.BIN	378880	370688	92155dad4736528828804b6e1235e5ce84f2a3d4465c871f04233d61df378149	bd88a0eb8cb4679ad1ad10b0aa5eca97a29d2afedc5de4ed11fe2804a99de0c6	FALSE	167984	378879	199528	47.34%	CONTAINER_STRUCTURE_CHANGED
CPK0.BIN	29484064	19814460	654653235c08b4cb8bc8afe962940e4473c080818a06247ce8a9da0cb686b821	1a0485a7f35b21a69ef18f893fa5b8e38b0bdbcfe14b9a3e5fdd050f4c1c2446	FALSE	6	29484063	29017662	1.58%	REGION_LOCALIZATION_CHANGED
CPK1.BIN	36248008	19691700	ca17ceacbfee43f3e295a23aa03cd69cfa6224b7e192509b1235e9d314a3aa49	6b158d84b30625e4f4374e78faf0b7389f30f60e682ff4cb66e2984830829887	FALSE	6	36248007	35984532	0.73%	REGION_LOCALIZATION_CHANGED
CPK2.BIN	30512196	20932052	65b57c5809e79b43057fcff95d2502bda6c9a68da69be5ad5ad636d76ae32923	adbd0e377886eda5c670b2c14882ec4096c395fd8c6b6d53f9f4941cf1e4a4c8	FALSE	6	30512195	29685839	2.71%	REGION_LOCALIZATION_CHANGED
DIT.BIN	63244	63244	d553e31b2c76fc9f00fe72f422d401e04cdd34d2d85146ed6f08dc0432c16ab3	d553e31b2c76fc9f00fe72f422d401e04cdd34d2d85146ed6f08dc0432c16ab3	TRUE	-1	-1	0	100.00%	IDENTICAL
ED.BIN	616480	616480	a7d986f09f923d28cb4ae699235377ea5d23ce244b69a65c99e4595920276a47	c2fb0a2fd8ffd321afbece01845b30247bb55d313e4e0661956bfcb9da71cac0	FALSE	467456	616061	132714	78.47%	REGION_LOCALIZATION_CHANGED
EFREET.BIN	130352	130352	caa4bba0d2cf6192bde4fbc16a371e0b0fb7a65b8f923d85df1dba56a4cc3dc0	caa4bba0d2cf6192bde4fbc16a371e0b0fb7a65b8f923d85df1dba56a4cc3dc0	TRUE	-1	-1	0	100.00%	IDENTICAL
MAP.BIN	4036608	4036608	88648a0830fb60ca752238d8dad422edbde40c1d91239e4d01aad28b32e64850	88648a0830fb60ca752238d8dad422edbde40c1d91239e4d01aad28b32e64850	TRUE	-1	-1	0	100.00%	IDENTICAL
MONS.BIN	1490944	1490944	b26e6bd4ab537bd5fbb6986b60faffa5f89f643b9d9a82897bb110a4f4ecb156	b26e6bd4ab537bd5fbb6986b60faffa5f89f643b9d9a82897bb110a4f4ecb156	TRUE	-1	-1	0	100.00%	IDENTICAL
P0.BIN	475636	475636	5b0d456a4efa8ffac398ca0744a8eadff98dccef8d0769d0c031d7029e3872b6	5b0d456a4efa8ffac398ca0744a8eadff98dccef8d0769d0c031d7029e3872b6	TRUE	-1	-1	0	100.00%	IDENTICAL
P1.BIN	497584	497584	8a8640811ac3a64274972af7068068874c11ed031d258cbae6ee5fac053e46cc	8a8640811ac3a64274972af7068068874c11ed031d258cbae6ee5fac053e46cc	TRUE	-1	-1	0	100.00%	IDENTICAL
P2.BIN	432684	432684	e034f9c08bf2107d33908c4239f06b4338a1add835801b39d96114bcd5a2f233	e034f9c08bf2107d33908c4239f06b4338a1add835801b39d96114bcd5a2f233	TRUE	-1	-1	0	100.00%	IDENTICAL
P3.BIN	462184	462184	bd579e3141ee493248887a7ff1b9c5408f67c813320fd15eedbfb17fa14aa371	bd579e3141ee493248887a7ff1b9c5408f67c813320fd15eedbfb17fa14aa371	TRUE	-1	-1	0	100.00%	IDENTICAL
P4.BIN	2893	2893	64c8986742e955d285a0fcb3751e632492a6518e2f48d5fab9f672cbfc21d677	64c8986742e955d285a0fcb3751e632492a6518e2f48d5fab9f672cbfc21d677	TRUE	-1	-1	0	100.00%	IDENTICAL
SET00.BIN	32768	32768	54c1605370794d9ef84f24f3c3f9d8eccd9b547c912e5904dd4e5f19227893e0	132e724e41abe7566c851ffdd45b3cc320564fd9ee7b58f2453ecd8e037e1af4	FALSE	10312	31889	159	99.51%	EXECUTABLE_CHANGED
SET01.BIN	32768	32768	33a5781afeac396459be438a6766da3b10c8185b955fce16cb74e1f012f457a2	5124bf2aaa79f4f83feacbd3787a14a709b3f0b0214900cd33b5724a23bc4bab	FALSE	14707	32261	303	99.08%	EXECUTABLE_CHANGED
SET02.BIN	32768	32768	314fc995a17bd2dfdd04362e76ced75a638f7565b8e4434770ea4e0216fdea4e	dff4effe49df0ef3c72365a6ab9bdd52fa94d66ab5b7c1926d9e4b512af2b6ac	FALSE	14553	32337	221	99.33%	EXECUTABLE_CHANGED
SET03.BIN	32768	32768	7564f43a460f136196b14e53dd09bb9aa44ffad5cefb9d7ed72983e3c3ebb08a	05a1334dac391c1f721b55c86fb714918a07abaf1399ebda210c51e00b5d4df4	FALSE	11329	28801	250	99.24%	EXECUTABLE_CHANGED
SET04.BIN	32768	32768	6b9603174268e5979f9eddf402fa66001bc257fab621066b23b508c3f7b83c68	47321775b25c591c338f10d1ffd78eb461c469a41d92fe46488ef1a2c7809f3c	FALSE	8807	28626	295	99.10%	EXECUTABLE_CHANGED
SET05.BIN	32768	32768	e005468400cdc3b32311d1ee75cc1fb57202197dd1f656a8951b14bb97d95d5c	e005468400cdc3b32311d1ee75cc1fb57202197dd1f656a8951b14bb97d95d5c	TRUE	-1	-1	0	100.00%	IDENTICAL
SET06.BIN	32768	32768	0bd204ce1619be980cc77055b18d1ed186fabe3c05365f63643229ae1e723328	420ca244add6c5f1dfd14f4eb634e7674c4c6c7fcfb4473f4c2eeebb18537329	FALSE	7745	11881	85	99.74%	EXECUTABLE_CHANGED
SET07.BIN	98304	98304	bb6072222e19f8cb68934cbdb94e7d187c67680bb9e167524f85579ee6bc0af6	bb6072222e19f8cb68934cbdb94e7d187c67680bb9e167524f85579ee6bc0af6	TRUE	-1	-1	0	100.00%	IDENTICAL
SHADE.BIN	69844	69844	7e7e6249e9e228acc302cfe5280815ebfbe7ae60c25fef9948b02bfce8485e3a	7e7e6249e9e228acc302cfe5280815ebfbe7ae60c25fef9948b02bfce8485e3a	TRUE	-1	-1	0	100.00%	IDENTICAL
TH2.LOW	149504	149504	781396898191921b486be751163aea493ef9b1abcb55c0ab8698df9c69211224	8c32a671ab8b083e5b07569aca8dd38e57f5061bf89f6681303ae85c54b5c5c1	FALSE	15	147287	108215	27.62%	EXECUTABLE_CHANGED
TH2_ABST.TXT	25	25	c29fb93301e1c99d1c1023894f322f8a1dcab655706b8f30d1e6269e43ead611	c29fb93301e1c99d1c1023894f322f8a1dcab655706b8f30d1e6269e43ead611	TRUE	-1	-1	0	100.00%	IDENTICAL
TH2_BIBL.TXT	27	27	04a9ca64c6b8b9e05c5e25d55083035ca0a811c211ba3a08ff0067d7cec9dbff	04a9ca64c6b8b9e05c5e25d55083035ca0a811c211ba3a08ff0067d7cec9dbff	TRUE	-1	-1	0	100.00%	IDENTICAL
TH2_CPYR.TXT	79	79	31040ef5c937ed3bfc5a3d10c01d8f26156d9cca071d8d5ebd029ab20d62b74b	31040ef5c937ed3bfc5a3d10c01d8f26156d9cca071d8d5ebd029ab20d62b74b	TRUE	-1	-1	0	100.00%	IDENTICAL
